Ondřej,Navrátil,1. 29. 2000,605 452 969,ondřej.navrátil786@centrum.cz
Jiří,Veselý,7. 6. 2000,702 362 824,jiří.veselý927@email.cz
Lucie,Beneš,5. 30. 2001,737 621 621,lucie.beneš198@gmail.com
Alena,Urban,1. 9. 2002,465 849 832,alena.urban648@email.cz
Vojtěch,Doležal,11. 9. 2005,721 694 879,vojtěch.doležal368@outlook.com
Veronika,Němec,8. 14. 1998,952 357 745,veronika.němec66@centrum.cz
Alena,Krejčí,2. 13. 2003,161 314 499,alena.krejčí817@seznam.cz
Jakub,Král,4. 3. 1999,509 689 820,jakub.král440@outlook.com
Vojtěch,Pospíšil,5. 23. 1998,123-456-78,vojtěch.pospíšil332@seznam.cz
Lenka,Marek,4. 4. 2002,655 646 576,lenka.marek644@gmail.com
Jiří,Fiala,3. 1. 2003,850 234 806,jiří.fiala21@email.cz
Simona,Hájek,2005/12/01,518 951 243,simona.hájek912@outlook.com
Denisa,Krejčí,11. 1. 2000,429 672 282,denisa.krejčí392@seznam.cz
Veronika,Čech,8. 14. 2003,823 438 534,spatny.email.cz
Dominik,Urban,9. 30. 1998,070 750 311,dominik.urban112@email.cz
Denisa,Hájek,3. 12. 1998,344 256 662,denisa.hájek585@centrum.cz
Roman,Zeman,7. 4. 2005,821 459 072,roman.zeman539@seznam.cz
Jakub,Veselý,6. 3. 2007,377 042 655,jakub.veselý591@seznam.cz
Markéta,Čech,11. 15. 2007,000 868 417,markéta.čech317@centrum.cz
Jiří,Kopecký,10. 16. 2001,790 911 966,jiří.kopecký474@seznam.cz
Dominik,Zeman,12. 20. 2004,243 708 466,dominik.zeman134@centrum.cz
Petr,Hájek,4. 19. 2000,788 935 212,petr.hájek261@email.cz
Lucie,Tichý,1. 8. 2005,736 495 174,lucie.tichý841@centrum.cz
Denisa,Jelínek,4. 20. 2003,597 350 585,denisa.jelínek593@gmail.com
Monika,Sedláček,1. 6. 2003,833 760 159,monika.sedláček973@centrum.cz
Kristýna,Černý,10. 12. 2008,074 457 679,kristýna.černý199@outlook.com
Vojtěch,Němec,9. 12. 2006,171 410 593,vojtěch.němec309@email.cz
David,Kolář,8. 23. 1998,026 985 450,david.kolář649@outlook.com
Jana,Kopecký,3. 1. 2002,526 931 661,jana.kopecký317@gmail.com
Tereza,Pokorný,5. 11. 2002,459 416 292,tereza.pokorný305@gmail.com
Monika,Tichý,3. 13. 2005,667 481 627,monika.tichý520@outlook.com
Lucie,Beneš,1. 25. 1998,979 550 021,lucie.beneš584@seznam.cz
Ivana,Kolář,12. 4. 2005,795 966 712,ivana.kolář730@centrum.cz
Vojtěch,Novák,4. 7. 2002,783 091 120,vojtěch.novák898@gmail.com
Jakub,Černý,2. 17. 1999,621 058 254,spatny.email.cz
Michal,Doležal,1. 4. 2002,564 386 242,michal.doležal157@email.cz
Kristýna,Svoboda,8. 1. 2006,947 780 689,kristýna.svoboda411@centrum.cz
Barbora,Fiala,5. 17. 1999,667 462 906,barbora.fiala40@seznam.cz
Denisa,Čech,2. 21. 2003,234 982 368,denisa.čech955@outlook.com
Lukáš,Fiala,1. 3. 2008,164 918 363,lukáš.fiala222@outlook.com
Eliška,Beneš,12. 10. 2007,344 198 744,eliška.beneš243@centrum.cz
Jan,Marek,6. 14. 2007,087 804 228,jan.marek569@seznam.cz
Alena,Svoboda,1. 16. 2000,185 704 645,alena.svoboda238@email.cz
Alena,Kolář,7. 24. 2002,747 941 770,alena.kolář451@outlook.com
Tomáš,Procházka,1. 31. 2004,632 954 140,tomáš.procházka177@centrum.cz
Anna,Marek,12. 13. 1998,895 719 894,anna.marek411@gmail.com
Dominik,Bláha,9. 24. 2001,521 436 045,dominik.bláha321@centrum.cz
Markéta,Krejčí,2. 9. 2002,123-456-78,markéta.krejčí920@seznam.cz
Markéta,Kopecký,2. 7. 2000,990 756 831,markéta.kopecký717@centrum.cz
Tereza,Doležal,4. 20. 2007,002 498 649,tereza.doležal482@centrum.cz
Dominik,Novák,4. 28. 1999,353 906 430,dominik.novák307@email.cz
Simona,Novotný,5. 11. 2000,821 166 851,simona.novotný684@centrum.cz
Jakub,Doležal,9. 7. 2000,508 991 210,jakub.doležal761@gmail.com
Filip,Kučera,10. 15. 2008,490 972 188,filip.kučera114@gmail.com
Matěj,Zeman,1. 31. 2007,588 131 063,matěj.zeman203@gmail.com
Simona,Fiala,4. 11. 2007,580 158 570,simona.fiala465@outlook.com
Adam,Němec,10. 27. 1999,291 233 994,adam.němec967@email.cz
Jana,Doležal,2. 22. 2004,713 155 241,jana.doležal304@centrum.cz
Matěj,Král,8. 12. 2003,298 995 495,matěj.král238@outlook.com
Kateřina,Novotný,9. 9. 1999,101 625 720,kateřina.novotný924@seznam.cz
Kateřina,Pokorný,4. 28. 2000,397 684 596,kateřina.pokorný431@outlook.com
Radek,Kolář,1. 7. 2002,537 998 037,radek.kolář312@outlook.com
Radek,Dvořák,5. 3. 2008,487 857 492,radek.dvořák67@email.cz
Daniel,Kopecký,4. 28. 2002,930 198 720,daniel.kopecký165@email.cz
Jana,Sedláček,7. 12. 2000,161 472 863,jana.sedláček709@seznam.cz
Markéta,Novotný,3. 6. 2005,517 325 599,markéta.novotný823@seznam.cz
Eliška,Jelínek,4. 1. 2005,574 687 674,eliška.jelínek905@gmail.com
Eliška,Tichý,9. 12. 2002,576 456 316,eliška.tichý755@centrum.cz
Petra,Krejčí,1. 29. 2006,284 042 608,petra.krejčí347@gmail.com
Josef,Němec,9. 26. 2000,359 962 674,josef.němec458@seznam.cz
Monika,Dvořák,1. 7. 2000,790 086 436,monika.dvořák170@gmail.com
Michal,Procházka,11. 1. 2003,592 187 606,michal.procházka482@centrum.cz
Radek,Marek,5. 30. 1998,903 678 058,radek.marek453@outlook.com
Daniel,Novák,11. 8. 2004,638 344 195,daniel.novák50@gmail.com
Petra,Kolář,8. 16. 2003,086 714 336,petra.kolář966@email.cz
Adéla,Hájek,5. 10. 1999,916 477 601,adéla.hájek730@centrum.cz
Tomáš,Král,11. 13. 2004,488 497 099,tomáš.král174@outlook.com
Marek,Navrátil,11. 4. 2003,947 330 994,marek.navrátil170@centrum.cz
Jan,Novák,2. 21. 2006,309 850 871,jan.novák739@email.cz
Lukáš,Marek,8. 7. 2001,968 071 499,lukáš.marek182@seznam.cz
Jakub,Jelínek,6. 27. 2005,581 659 710,jakub.jelínek546@gmail.com
Jakub,Beneš,10. 6. 2005,584 008 000,jakub.beneš438@centrum.cz
Markéta,Tichý,9. 24. 2000,715 950 000,markéta.tichý350@email.cz
Tereza,Čech,7. 31. 1998,020 586 075,tereza.čech409@email.cz
Filip,Čech,7. 5. 2003,878 003 954,filip.čech570@outlook.com
Vojtěch,Král,7. 20. 2007,800 389 547,vojtěch.král930@centrum.cz
Jakub,Král,10. 7. 2008,266 927 616,jakub.král104@seznam.cz
Denisa,Pokorný,9. 19. 1999,478 000 378,denisa.pokorný141@outlook.com
Simona,Kopecký,11. 25. 2005,165 545 717,simona.kopecký161@email.cz
Barbora,Hájek,7. 11. 1999,610 398 869,barbora.hájek592@seznam.cz
Lenka,Kolář,10. 1. 2002,249 126 243,spatny.email.cz
Michal,Němec,5. 14. 1998,572 785 913,michal.němec969@email.cz
Ondřej,Sedláček,7. 27. 2002,157 846 461,ondřej.sedláček655@email.cz
Adam,Pospíšil,4. 13. 2000,995 349 451,adam.pospíšil819@gmail.com
Ivana,Sedláček,12. 16. 1998,442 566 900,ivana.sedláček785@email.cz
Marek,Marek,8. 10. 2006,661 922 443,marek.marek390@seznam.cz
Karolína,Marek,9. 5. 2005,381 927 416,karolína.marek567@outlook.com
Kristýna,Zeman,4. 14. 2001,567 530 553,kristýna.zeman132@seznam.cz
Alena,Hájek,4. 19. 1998,079 564 786,alena.hájek885@gmail.com
Michal,Novotný,2. 19. 2003,280 264 136,michal.novotný562@centrum.cz
Anna,Čech,9. 14. 2001,398 523 142,anna.čech121@gmail.com
Jakub,Horák,8. 27. 2000,218 022 731,jakub.horák540@email.cz
Dominik,Sedláček,5. 30. 2006,180 288 106,dominik.sedláček83@gmail.com
Markéta,Svoboda,3. 6. 2000,671 478 142,markéta.svoboda637@email.cz
David,Fiala,9. 18. 2005,280 791 252,david.fiala280@centrum.cz
Ivana,Procházka,5. 26. 2001,797 745 407,ivana.procházka60@seznam.cz
David,Svoboda,8. 4. 2002,615 818 067,david.svoboda365@outlook.com
Dominik,Zeman,7. 25. 2000,931 358 281,dominik.zeman231@outlook.com
Kateřina,Tichý,4. 28. 1999,520 306 267,kateřina.tichý634@email.cz
Radek,Novotný,9. 5. 2008,919 252 841,radek.novotný886@centrum.cz
Monika,Krejčí,10. 26. 2004,113 091 886,monika.krejčí235@outlook.com
Adam,Urban,12. 30. 2006,487 677 494,adam.urban265@gmail.com
Tereza,Pokorný,7. 26. 2000,565 539 157,tereza.pokorný44@centrum.cz
Alena,Novák,2005/12/01,680 408 209,alena.novák857@email.cz
Matěj,Marek,2005/12/01,091 506 370,matěj.marek389@email.cz
Michal,Král,7. 2. 1999,578 087 826,michal.král30@centrum.cz
Eliška,Tichý,5. 22. 2000,571 268 044,eliška.tichý669@email.cz
Filip,Svoboda,5. 22. 2000,748 616 946,filip.svoboda345@centrum.cz
Dominik,Tichý,11. 29. 2007,649 779 396,dominik.tichý156@outlook.com
Adam,Navrátil,12. 6. 2008,165 349 922,adam.navrátil81@seznam.cz
David,Marek,7. 17. 2005,761 203 964,david.marek800@outlook.com
Ondřej,Němec,1. 15. 1999,582 319 485,ondřej.němec535@email.cz
Lukáš,Pokorný,9. 12. 2008,644 819 838,lukáš.pokorný709@seznam.cz
Petr,Beneš,6. 28. 2005,401 959 461,petr.beneš350@centrum.cz
Lukáš,Doležal,5. 3. 2000,837 557 053,lukáš.doležal501@outlook.com
Marek,Dvořák,3. 9. 1998,114 932 031,marek.dvořák605@seznam.cz
Simona,Hájek,7. 28. 2000,859 700 226,simona.hájek314@seznam.cz
Marek,Procházka,6. 1. 1999,073 866 805,marek.procházka637@seznam.cz
Lucie,Růžička,12. 24. 2007,175 735 787,lucie.růžička723@seznam.cz
Petr,Kopecký,9. 29. 1998,122 065 178,petr.kopecký464@outlook.com
Denisa,Tichý,11. 1. 2001,554 123 323,denisa.tichý445@gmail.com
Jiří,Růžička,3. 1. 1999,798 420 544,jiří.růžička222@gmail.com
Josef,Zeman,5. 3. 1999,024 121 256,josef.zeman529@email.cz
Vojtěch,Novotný,10. 9. 2004,925 903 483,vojtěch.novotný863@seznam.cz
Karolína,Novotný,4. 28. 2008,801 742 160,karolína.novotný234@centrum.cz
Lenka,Pospíšil,10. 14. 2007,438 635 005,lenka.pospíšil85@outlook.com
Adéla,Jelínek,11. 17. 2000,992 738 599,adéla.jelínek299@email.cz
Alena,Urban,6. 7. 2002,057 055 656,alena.urban850@email.cz
Radek,Černý,8. 7. 2004,184 151 108,radek.černý188@gmail.com
Alena,Zeman,8. 12. 2001,066 367 157,alena.zeman191@centrum.cz
Veronika,Kopecký,7. 7. 2000,896 247 793,veronika.kopecký117@email.cz
Jan,Král,7. 19. 2005,780 663 581,jan.král25@gmail.com
Jiří,Černý,9. 16. 2005,201 497 355,jiří.černý573@email.cz
Nikola,Dvořák,12. 12. 2007,603 014 278,nikola.dvořák947@centrum.cz
Tereza,Čech,8. 17. 1998,723 421 295,tereza.čech610@seznam.cz
Barbora,Urban,12. 19. 2008,592 383 336,barbora.urban534@centrum.cz
Roman,Němec,10. 14. 2007,039 861 941,roman.němec350@outlook.com
Jana,Růžička,1. 8. 2003,431 515 958,jana.růžička881@seznam.cz
Barbora,Jelínek,6. 30. 2000,850 224 506,barbora.jelínek395@gmail.com
Adam,Novák,6. 5. 2005,573 801 687,adam.novák858@seznam.cz
Nikola,Svoboda,12. 21. 1998,381 525 303,nikola.svoboda917@email.cz
Lenka,Tichý,4. 5. 2006,253 990 531,lenka.tichý761@outlook.com
Michal,Tichý,7. 18. 1998,282 710 172,michal.tichý209@gmail.com
Marek,Bláha,3. 9. 2003,259 546 587,marek.bláha277@gmail.com
Lenka,Zeman,9. 6. 1999,785 667 708,lenka.zeman338@email.cz
Tereza,Beneš,5. 20. 2000,245 254 827,spatny.email.cz
Jana,Krejčí,10. 22. 2003,652 596 614,jana.krejčí490@centrum.cz
Ondřej,Černý,3. 26. 1999,409 629 149,ondřej.černý498@outlook.com
Jan,Bláha,5. 28. 2007,077 165 127,jan.bláha145@email.cz
Ivana,Král,8. 23. 2007,310 161 448,ivana.král621@email.cz
Jakub,Beneš,9. 29. 2008,097 923 420,jakub.beneš37@email.cz
Tereza,Procházka,5. 20. 2007,381 469 723,tereza.procházka998@seznam.cz
Ondřej,Kolář,10. 11. 2004,912 854 625,ondřej.kolář604@email.cz
Kristýna,Veselý,6. 5. 1998,889 811 113,kristýna.veselý413@seznam.cz
Radek,Král,11. 29. 2002,662 835 585,radek.král999@seznam.cz
Jan,Navrátil,12. 2. 2004,685 322 412,jan.navrátil38@gmail.com
Petr,Růžička,12. 30. 2007,843 112 115,petr.růžička782@outlook.com
Markéta,Růžička,9. 10. 1999,996 029 472,markéta.růžička941@gmail.com
Jana,Kolář,11. 6. 2001,589 771 062,jana.kolář745@email.cz
Jan,Fiala,2. 1. 1999,438 609 414,jan.fiala297@seznam.cz
Adam,Bláha,1. 30. 2005,413 146 520,adam.bláha727@centrum.cz
Jan,Kučera,4. 1. 2001,251 786 128,jan.kučera301@seznam.cz
Tereza,Zeman,12. 30. 1999,907 401 609,tereza.zeman746@seznam.cz
Tereza,Kolář,2005/12/01,727 630 528,tereza.kolář194@centrum.cz
Adam,Král,3. 15. 1998,838 043 653,adam.král547@email.cz
Dominik,Hájek,12. 2. 2002,184 025 504,dominik.hájek197@seznam.cz
Lucie,Kolář,6. 26. 2006,290 879 706,lucie.kolář919@email.cz
Roman,Černý,11. 1. 2005,856 965 108,roman.černý336@email.cz
Anna,Pokorný,12. 15. 1998,176 937 844,anna.pokorný989@gmail.com
Adam,Novotný,2. 15. 2004,516 828 141,adam.novotný470@outlook.com
Ivana,Král,6. 4. 2004,090 231 167,spatny.email.cz
Roman,Fiala,4. 23. 2008,320 675 158,roman.fiala566@gmail.com
Karolína,Dvořák,1. 19. 2002,260 267 870,karolína.dvořák254@gmail.com
Radek,Horák,6. 28. 2005,311 791 759,radek.horák123@centrum.cz
Alena,Marek,8. 24. 2007,287 457 172,alena.marek647@email.cz
Simona,Kolář,5. 25. 2002,711 334 657,simona.kolář615@centrum.cz
Markéta,Kopecký,10. 31. 2001,685 462 009,markéta.kopecký90@gmail.com
David,Pokorný,8. 10. 2002,565 946 299,david.pokorný802@email.cz
Daniel,Tichý,7. 30. 2001,289 699 031,daniel.tichý761@seznam.cz
Tomáš,Horák,10. 17. 2007,685 117 979,tomáš.horák962@seznam.cz
Filip,Dvořák,4. 18. 2000,680 839 580,filip.dvořák141@centrum.cz
Veronika,Sedláček,3. 20. 2002,936 577 614,veronika.sedláček974@email.cz
Michal,Černý,2. 10. 1998,707 443 525,michal.černý875@centrum.cz
Ondřej,Krejčí,7. 27. 1998,570 942 761,ondřej.krejčí619@seznam.cz
Daniel,Kopecký,2. 27. 1999,703 075 874,daniel.kopecký68@gmail.com
Markéta,Kopecký,1. 8. 2001,824 860 416,markéta.kopecký541@gmail.com
Lukáš,Tichý,6. 24. 2002,444 381 665,lukáš.tichý842@gmail.com
Monika,Čech,5. 8. 2001,379 503 197,monika.čech763@email.cz
Vojtěch,Dvořák,9. 16. 2005,883 301 994,vojtěch.dvořák258@email.cz
Jana,Němec,7. 14. 1998,739 729 897,jana.němec918@email.cz
Ondřej,Beneš,1. 7. 2004,489 760 743,ondřej.beneš105@seznam.cz
Veronika,Krejčí,5. 24. 2002,113 574 434,veronika.krejčí824@centrum.cz
Lukáš,Sedláček,10. 20. 2005,034 415 489,lukáš.sedláček724@email.cz
Jana,Černý,12. 26. 2003,537 204 772,jana.černý629@centrum.cz
David,Marek,1. 10. 2004,239 311 776,david.marek127@email.cz
Markéta,Kopecký,8. 2. 2002,151 654 318,markéta.kopecký651@gmail.com
Petr,Navrátil,9. 10. 2006,446 777 674,petr.navrátil297@outlook.com
Kateřina,Krejčí,10. 30. 2007,212 805 694,kateřina.krejčí492@centrum.cz
David,Novák,3. 3. 2008,116 470 029,david.novák256@outlook.com
Petra,Němec,7. 20. 2003,166 517 037,petra.němec864@centrum.cz
Petr,Sedláček,9. 5. 2000,126 995 235,petr.sedláček299@gmail.com
Nikola,Jelínek,3. 6. 2008,095 599 086,nikola.jelínek594@centrum.cz
Jan,Pokorný,12. 13. 1998,642 908 569,jan.pokorný479@seznam.cz
Josef,Čech,10. 6. 2005,453 780 789,josef.čech966@seznam.cz
Barbora,Novák,4. 14. 2000,750 041 953,barbora.novák726@centrum.cz
Kristýna,Kopecký,11. 7. 2001,673 086 190,kristýna.kopecký578@centrum.cz
Barbora,Pospíšil,5. 5. 2007,442 756 234,barbora.pospíšil308@seznam.cz
Ivana,Král,10. 12. 2006,174 758 886,ivana.král128@email.cz
Nikola,Němec,4. 14. 1999,555 767 510,nikola.němec831@email.cz
Kateřina,Černý,2. 28. 2005,123-456-78,kateřina.černý895@gmail.com
Alena,Zeman,9. 23. 1999,724 710 514,alena.zeman758@gmail.com
Tereza,Svoboda,3. 25. 2001,200 922 712,tereza.svoboda436@email.cz
Marek,Pokorný,12. 24. 2001,798 632 294,marek.pokorný57@centrum.cz
Eliška,Beneš,7. 16. 2008,246 183 567,eliška.beneš265@centrum.cz
Anna,Svoboda,4. 30. 2003,834 669 408,anna.svoboda417@outlook.com
Nikola,Kolář,8. 10. 2001,842 144 098,nikola.kolář71@centrum.cz
Petra,Procházka,12. 23. 2007,733 874 350,petra.procházka95@email.cz
Alena,Beneš,3. 13. 2000,605 445 150,spatny.email.cz
Adéla,Růžička,8. 28. 2005,217 860 987,adéla.růžička710@gmail.com
Dominik,Bláha,8. 13. 1998,785 899 728,dominik.bláha449@seznam.cz
Vojtěch,Pokorný,6. 23. 2000,277 691 936,vojtěch.pokorný881@gmail.com
Michal,Zeman,1. 18. 2006,612 989 726,michal.zeman572@centrum.cz
Alena,Kučera,3. 20. 2008,810 020 684,alena.kučera734@gmail.com
Radek,Bláha,4. 2. 2005,862 127 515,radek.bláha803@centrum.cz
Petr,Jelínek,10. 21. 2002,095 002 537,petr.jelínek354@seznam.cz
Radek,Král,12. 2. 2003,851 405 221,radek.král273@centrum.cz
Denisa,Sedláček,4. 8. 2001,289 349 017,denisa.sedláček718@outlook.com
Vojtěch,Marek,10. 5. 2005,929 317 482,vojtěch.marek585@email.cz
Vojtěch,Bláha,10. 17. 2002,087 589 567,vojtěch.bláha534@seznam.cz
Vojtěch,Čech,11. 18. 2006,313 158 974,vojtěch.čech947@centrum.cz
Michal,Sedláček,2. 28. 1998,746 605 111,michal.sedláček609@seznam.cz
Ondřej,Tichý,2. 25. 2005,108 177 612,ondřej.tichý208@seznam.cz
Eliška,Král,2005/12/01,431 472 645,eliška.král905@seznam.cz
Markéta,Doležal,3. 14. 2008,645 131 313,markéta.doležal598@seznam.cz
Adam,Beneš,4. 30. 2002,980 882 738,adam.beneš340@outlook.com
Daniel,Němec,12. 22. 1998,792 524 979,daniel.němec265@email.cz
Jakub,Zeman,3. 24. 2004,846 083 244,jakub.zeman507@seznam.cz
Daniel,Procházka,4. 23. 1999,510 395 223,daniel.procházka106@gmail.com
Radek,Tichý,10. 14. 2001,800 613 143,radek.tichý733@email.cz
Radek,Urban,10. 30. 2003,206 828 573,radek.urban738@centrum.cz
Lukáš,Novák,7. 26. 2006,428 261 112,lukáš.novák643@centrum.cz
Jakub,Novotný,6. 16. 1998,034 667 788,jakub.novotný564@centrum.cz
Daniel,Procházka,11. 29. 2002,587 057 333,daniel.procházka233@gmail.com
Lenka,Navrátil,5. 21. 1999,965 299 912,lenka.navrátil644@outlook.com
Radek,Čech,10. 27. 2008,811 668 404,radek.čech495@gmail.com
Kristýna,Kopecký,5. 31. 1998,953 903 907,kristýna.kopecký753@outlook.com
Filip,Kopecký,6. 9. 2002,886 519 124,filip.kopecký685@gmail.com
David,Čech,3. 14. 2001,171 929 050,david.čech508@email.cz
Alena,Král,2. 22. 2000,395 274 624,alena.král967@gmail.com
Karolína,Sedláček,3. 23. 2002,045 707 895,karolína.sedláček45@gmail.com
Filip,Navrátil,4. 27. 2003,321 796 165,filip.navrátil237@outlook.com
Markéta,Jelínek,6. 6. 1998,255 792 018,markéta.jelínek91@seznam.cz
Jiří,Pospíšil,2. 10. 2001,428 259 619,jiří.pospíšil546@seznam.cz
Tomáš,Bláha,4. 25. 2008,607 078 533,tomáš.bláha114@gmail.com
Simona,Urban,2. 26. 2001,138 118 799,simona.urban331@gmail.com
Ivana,Fiala,5. 11. 2002,143 181 926,ivana.fiala853@centrum.cz
Vojtěch,Král,4. 25. 1998,887 402 748,vojtěch.král541@email.cz
Eliška,Beneš,3. 19. 2000,583 972 467,eliška.beneš936@centrum.cz
Ondřej,Němec,2. 10. 2005,329 784 742,ondřej.němec862@email.cz
Marek,Pokorný,11. 19. 2001,797 887 795,marek.pokorný383@seznam.cz
Adam,Novotný,9. 8. 1998,097 928 661,adam.novotný105@centrum.cz
Jan,Růžička,6. 10. 1998,599 454 753,jan.růžička491@seznam.cz
Simona,Novotný,11. 22. 2008,419 188 031,simona.novotný902@email.cz
Radek,Sedláček,7. 18. 2006,705 804 848,radek.sedláček231@outlook.com
Denisa,Novák,9. 14. 2003,830 500 655,denisa.novák240@seznam.cz
Lucie,Novotný,5. 31. 2004,901 917 551,lucie.novotný124@gmail.com
Lucie,Kopecký,10. 2. 1998,566 304 893,lucie.kopecký780@centrum.cz
Marek,Zeman,12. 27. 2007,834 578 847,marek.zeman73@seznam.cz
Lukáš,Krejčí,11. 19. 2005,929 730 898,lukáš.krejčí741@outlook.com
Ivana,Pospíšil,11. 23. 2002,475 066 766,ivana.pospíšil154@seznam.cz
Marek,Král,6. 28. 2006,675 527 986,marek.král857@centrum.cz
Tereza,Kolář,6. 28. 2007,251 485 973,tereza.kolář479@email.cz
David,Krejčí,4. 29. 1999,544 064 879,david.krejčí44@gmail.com
Marek,Pokorný,2. 25. 2005,579 429 108,marek.pokorný226@centrum.cz
Vojtěch,Růžička,5. 12. 2006,947 237 014,vojtěch.růžička690@seznam.cz
Eliška,Zeman,5. 2. 2005,187 141 324,eliška.zeman700@outlook.com
Jan,Urban,1. 13. 2004,892 660 145,jan.urban795@email.cz
Jana,Krejčí,2. 24. 1998,241 387 035,jana.krejčí604@outlook.com
Tomáš,Král,8. 6. 1999,979 195 565,tomáš.král786@gmail.com
Dominik,Král,9. 23. 2000,102 146 433,dominik.král476@seznam.cz
Eliška,Němec,3. 18. 2008,726 229 729,eliška.němec684@centrum.cz
Josef,Kopecký,12. 31. 2007,012 546 930,josef.kopecký136@centrum.cz
Petr,Sedláček,1. 2. 2001,701 016 440,petr.sedláček525@outlook.com
Kristýna,Růžička,10. 27. 2001,970 823 631,kristýna.růžička824@outlook.com
Dominik,Hájek,7. 27. 1999,592 873 406,dominik.hájek261@centrum.cz
Karolína,Beneš,7. 16. 1998,500 899 405,karolína.beneš778@outlook.com
Lenka,Němec,7. 7. 2005,707 659 734,lenka.němec298@outlook.com
Petr,Beneš,1. 11. 1999,398 731 790,petr.beneš868@outlook.com
Marek,Němec,10. 21. 2000,856 703 868,marek.němec892@centrum.cz
Michal,Doležal,3. 30. 2005,407 433 409,michal.doležal288@email.cz
Petra,Horák,8. 16. 2004,633 949 751,petra.horák907@seznam.cz
Michal,Bláha,11. 6. 2000,781 372 200,michal.bláha667@email.cz
Adam,Dvořák,10. 31. 2003,940 033 871,adam.dvořák806@outlook.com
Vojtěch,Kopecký,9. 27. 2007,317 425 539,vojtěch.kopecký947@outlook.com
Dominik,Růžička,4. 2. 2008,709 984 339,dominik.růžička492@outlook.com
David,Růžička,9. 8. 2000,816 165 633,david.růžička745@email.cz
Jiří,Navrátil,8. 11. 1999,385 040 033,jiří.navrátil952@outlook.com
Marek,Krejčí,10. 11. 2008,540 908 313,marek.krejčí611@email.cz
Nikola,Hájek,5. 9. 2005,978 916 733,nikola.hájek616@gmail.com
Lukáš,Veselý,12. 29. 2002,185 697 587,lukáš.veselý676@seznam.cz
Nikola,Kopecký,4. 17. 2001,635 383 634,nikola.kopecký711@email.cz
Petr,Zeman,6. 13. 2006,010 756 460,petr.zeman97@seznam.cz
Daniel,Tichý,1. 14. 2006,245 845 646,daniel.tichý349@outlook.com
Barbora,Tichý,11. 11. 1998,293 856 705,barbora.tichý419@seznam.cz
Tomáš,Pokorný,12. 1. 2004,227 402 125,tomáš.pokorný825@email.cz
Nikola,Svoboda,8. 12. 2007,484 021 038,nikola.svoboda923@centrum.cz
Kristýna,Němec,1. 13. 2000,174 716 517,kristýna.němec542@seznam.cz
Nikola,Kolář,7. 22. 2008,825 507 882,nikola.kolář426@centrum.cz
Ivana,Němec,9. 10. 2006,921 317 150,ivana.němec146@seznam.cz
Kristýna,Horák,5. 10. 1998,054 791 564,kristýna.horák594@email.cz
Kristýna,Horák,7. 12. 1999,013 200 372,kristýna.horák908@centrum.cz
Alena,Hájek,12. 3. 2003,437 306 654,alena.hájek462@outlook.com
Lucie,Tichý,1. 24. 2008,497 823 808,lucie.tichý750@outlook.com
Roman,Veselý,10. 14. 2005,475 375 540,roman.veselý600@email.cz
Lukáš,Jelínek,2005/12/01,333 726 732,lukáš.jelínek365@seznam.cz
Tereza,Růžička,2. 21. 2003,603 244 473,tereza.růžička313@seznam.cz
Tereza,Růžička,3. 24. 2001,276 229 428,tereza.růžička710@seznam.cz
Anna,Procházka,8. 10. 2005,698 368 301,anna.procházka503@email.cz
Jana,Pokorný,11. 7. 2007,688 723 286,jana.pokorný175@gmail.com
Filip,Fiala,12. 27. 1998,948 091 969,filip.fiala528@email.cz
Ivana,Svoboda,11. 9. 2001,429 501 249,ivana.svoboda679@outlook.com
Radek,Novák,11. 20. 2001,640 207 239,radek.novák490@centrum.cz
Vojtěch,Kučera,1. 27. 1998,397 066 766,vojtěch.kučera862@seznam.cz
Tomáš,Kučera,6. 4. 2008,959 344 782,tomáš.kučera171@seznam.cz
Veronika,Svoboda,6. 26. 2008,761 095 285,veronika.svoboda409@email.cz
Nikola,Sedláček,4. 29. 2002,274 572 928,nikola.sedláček850@gmail.com
Lucie,Kučera,2. 26. 2008,026 739 138,lucie.kučera122@outlook.com
Martin,Pokorný,10. 15. 2000,102 411 742,martin.pokorný5@gmail.com
Lukáš,Krejčí,9. 25. 1999,960 758 277,spatny.email.cz
Markéta,Krejčí,8. 26. 2005,131 575 842,markéta.krejčí812@outlook.com
Jan,Jelínek,6. 2. 2003,590 095 738,jan.jelínek982@seznam.cz
Michal,Kopecký,1. 25. 1998,647 533 793,michal.kopecký763@centrum.cz
Tomáš,Kolář,1. 27. 2002,335 053 392,tomáš.kolář360@gmail.com
Ivana,Tichý,12. 18. 2007,831 293 813,ivana.tichý207@gmail.com
David,Černý,1. 4. 2007,712 131 614,david.černý427@outlook.com
Matěj,Krejčí,6. 17. 2002,099 159 323,matěj.krejčí411@outlook.com
Alena,Fiala,9. 8. 2006,347 333 923,alena.fiala722@seznam.cz
Matěj,Černý,1. 24. 2006,398 482 052,matěj.černý331@seznam.cz
Filip,Sedláček,12. 19. 2004,162 028 672,filip.sedláček210@email.cz
Kristýna,Jelínek,10. 3. 2000,402 297 757,kristýna.jelínek397@seznam.cz
Markéta,Novotný,5. 28. 2001,874 474 306,markéta.novotný656@gmail.com
Markéta,Zeman,9. 1. 2002,967 949 115,markéta.zeman48@centrum.cz
Matěj,Němec,1. 23. 1998,561 751 291,matěj.němec107@gmail.com
Vojtěch,Urban,6. 15. 2003,956 521 868,vojtěch.urban293@gmail.com
Kristýna,Krejčí,6. 30. 2002,863 704 344,kristýna.krejčí653@seznam.cz
Anna,Kolář,9. 6. 1999,348 145 533,anna.kolář782@seznam.cz
Lucie,Sedláček,10. 11. 2003,858 163 174,lucie.sedláček620@outlook.com
Eliška,Krejčí,2005/12/01,666 297 532,eliška.krejčí167@outlook.com
Adéla,Pokorný,1. 1. 2004,712 882 692,adéla.pokorný71@email.cz
Ondřej,Marek,7. 3. 2003,578 832 269,ondřej.marek913@seznam.cz
Jan,Fiala,4. 12. 2000,852 738 260,jan.fiala313@centrum.cz
Karolína,Němec,11. 10. 1998,093 672 724,karolína.němec93@centrum.cz
Jan,Němec,10. 7. 2001,032 675 882,jan.němec517@seznam.cz
Tomáš,Novák,7. 19. 1999,278 480 830,tomáš.novák345@seznam.cz
Simona,Novák,2. 22. 1998,012 404 705,simona.novák260@outlook.com
Jiří,Němec,10. 8. 2008,388 210 640,jiří.němec235@centrum.cz
Alena,Tichý,8. 28. 2000,037 720 129,alena.tichý348@email.cz
Alena,Bláha,5. 1. 2005,912 021 973,alena.bláha549@outlook.com
Roman,Kopecký,11. 9. 1999,633 326 768,roman.kopecký733@seznam.cz
Adéla,Novák,6. 4. 1998,230 923 474,adéla.novák633@centrum.cz
Kateřina,Tichý,11. 4. 2000,646 419 498,spatny.email.cz
Vojtěch,Procházka,12. 12. 2002,169 087 925,vojtěch.procházka133@email.cz
David,Kopecký,8. 4. 2000,673 880 689,david.kopecký297@email.cz
Simona,Kopecký,6. 6. 1999,801 610 816,simona.kopecký399@seznam.cz
Lenka,Zeman,9. 3. 2005,790 229 817,spatny.email.cz
Kristýna,Marek,6. 21. 1999,831 991 679,kristýna.marek6@outlook.com
Daniel,Hájek,9. 9. 2002,961 635 531,daniel.hájek817@email.cz
Petr,Černý,2005/12/01,898 025 437,petr.černý300@gmail.com
Lenka,Sedláček,6. 10. 2008,827 592 189,lenka.sedláček911@seznam.cz
Petra,Svoboda,9. 26. 2001,258 783 825,petra.svoboda121@outlook.com
Anna,Novotný,3. 8. 2006,151 891 013,anna.novotný722@email.cz
Tereza,Kopecký,11. 15. 2006,409 345 384,tereza.kopecký291@email.cz
Eliška,Doležal,8. 18. 2003,885 863 154,eliška.doležal420@seznam.cz
Michal,Bláha,4. 19. 1998,173 163 972,michal.bláha689@seznam.cz
Simona,Doležal,4. 3. 2001,819 024 005,simona.doležal71@seznam.cz
Jakub,Kopecký,10. 23. 2004,576 660 721,jakub.kopecký832@gmail.com
Eliška,Pokorný,9. 13. 2001,786 667 530,eliška.pokorný42@centrum.cz
Petra,Novák,11. 12. 2002,517 940 046,petra.novák671@gmail.com
Josef,Horák,9. 28. 1999,022 983 679,josef.horák914@email.cz
Kristýna,Urban,6. 11. 2002,417 200 275,spatny.email.cz
Martin,Jelínek,2. 7. 2003,400 039 950,martin.jelínek835@gmail.com
Nikola,Fiala,3. 3. 2005,123-456-78,nikola.fiala347@gmail.com
Anna,Urban,2. 15. 2004,302 011 859,anna.urban94@seznam.cz
Anna,Beneš,5. 3. 2001,022 143 421,anna.beneš623@seznam.cz
Petr,Čech,11. 13. 1998,068 798 798,petr.čech584@email.cz
Karolína,Tichý,3. 27. 1998,277 159 573,karolína.tichý615@gmail.com
Lucie,Sedláček,1. 18. 2002,171 912 635,lucie.sedláček640@outlook.com
Karolína,Pokorný,4. 30. 1999,900 674 073,karolína.pokorný722@email.cz
Simona,Tichý,2. 24. 2001,410 536 078,simona.tichý494@email.cz
Veronika,Sedláček,12. 9. 2004,671 919 424,veronika.sedláček56@centrum.cz
Simona,Fiala,7. 24. 2000,281 253 151,simona.fiala25@centrum.cz
Lukáš,Němec,1. 16. 2000,149 662 426,lukáš.němec949@gmail.com
Petra,Dvořák,1. 9. 2008,640 353 188,petra.dvořák378@centrum.cz
Filip,Hájek,12. 22. 2002,110 776 345,filip.hájek191@seznam.cz
Marek,Navrátil,7. 17. 2000,064 603 949,marek.navrátil919@outlook.com
Vojtěch,Dvořák,8. 21. 2006,108 116 189,vojtěch.dvořák731@seznam.cz
Jiří,Kolář,6. 30. 2005,123-456-78,jiří.kolář424@gmail.com
Adam,Jelínek,12. 7. 2008,855 840 380,adam.jelínek25@seznam.cz
Dominik,Novotný,8. 10. 2003,228 636 672,dominik.novotný325@seznam.cz
Radek,Urban,11. 26. 2008,725 213 761,radek.urban965@centrum.cz
Anna,Kučera,5. 5. 2002,557 321 050,anna.kučera145@seznam.cz
Vojtěch,Krejčí,5. 25. 1999,410 116 067,vojtěch.krejčí842@gmail.com
Lukáš,Doležal,6. 2. 2000,030 343 769,lukáš.doležal96@centrum.cz
Adéla,Černý,9. 15. 2005,129 886 920,adéla.černý999@centrum.cz
Ivana,Horák,5. 12. 1999,552 499 227,ivana.horák889@outlook.com
Adam,Tichý,6. 4. 2003,490 838 727,adam.tichý6@outlook.com
Simona,Kolář,11. 23. 2004,112 517 098,simona.kolář877@seznam.cz
Martin,Novotný,3. 9. 2007,336 878 640,martin.novotný513@outlook.com
Dominik,Jelínek,9. 4. 2003,739 218 402,dominik.jelínek288@gmail.com
Jana,Procházka,10. 9. 1999,002 539 984,jana.procházka934@seznam.cz
Jiří,Zeman,9. 19. 2000,409 080 735,jiří.zeman38@centrum.cz
Denisa,Fiala,11. 12. 2002,456 289 507,denisa.fiala395@gmail.com
Kristýna,Fiala,1. 27. 2001,689 255 062,kristýna.fiala158@email.cz
Kristýna,Hájek,4. 29. 2003,437 384 308,kristýna.hájek514@seznam.cz
Petra,Bláha,10. 27. 2005,794 224 426,petra.bláha83@gmail.com
Vojtěch,Pospíšil,8. 30. 2008,216 982 252,vojtěch.pospíšil41@email.cz
Denisa,Krejčí,2. 28. 2004,951 015 805,denisa.krejčí948@centrum.cz
Tomáš,Král,12. 12. 1998,352 676 137,tomáš.král452@gmail.com
Adéla,Král,3. 9. 2006,751 290 936,adéla.král290@seznam.cz
Tomáš,Sedláček,2. 1. 2003,282 580 635,tomáš.sedláček948@centrum.cz
Lenka,Doležal,8. 2. 2005,560 594 643,lenka.doležal160@email.cz
Eliška,Němec,8. 28. 2005,509 975 259,eliška.němec624@seznam.cz
Filip,Růžička,9. 5. 1998,771 055 182,filip.růžička405@outlook.com
Markéta,Bláha,6. 7. 1998,306 693 165,markéta.bláha596@outlook.com
Karolína,Horák,9. 15. 2007,039 898 503,karolína.horák584@email.cz
Michal,Bláha,9. 8. 2008,718 207 713,michal.bláha631@email.cz
Radek,Jelínek,8. 2. 2005,066 738 944,radek.jelínek83@email.cz
Filip,Kolář,9. 14. 2008,680 563 401,filip.kolář807@email.cz
Martin,Procházka,7. 27. 2005,194 828 113,martin.procházka862@email.cz
Dominik,Veselý,2. 22. 1998,324 098 308,dominik.veselý454@outlook.com
Nikola,Černý,1. 24. 2004,451 039 660,nikola.černý267@email.cz
Petr,Kučera,6. 14. 2003,116 042 504,petr.kučera501@outlook.com
David,Svoboda,12. 10. 2008,943 467 025,david.svoboda555@outlook.com
David,Jelínek,8. 14. 2000,513 311 774,david.jelínek67@gmail.com
Dominik,Král,3. 28. 2008,389 146 798,dominik.král250@seznam.cz
Lenka,Veselý,7. 10. 2000,777 892 139,lenka.veselý928@outlook.com
Nikola,Beneš,6. 28. 2006,591 891 781,nikola.beneš950@outlook.com
Adéla,Novotný,10. 13. 2005,500 906 272,adéla.novotný223@email.cz
Lukáš,Beneš,12. 9. 2004,409 210 785,lukáš.beneš953@email.cz
David,Hájek,4. 11. 2006,275 961 925,david.hájek916@gmail.com
Denisa,Beneš,12. 12. 1999,244 654 637,denisa.beneš612@outlook.com
Eliška,Urban,6. 12. 1999,070 413 745,eliška.urban978@outlook.com
Michal,Fiala,2. 24. 2006,374 970 980,michal.fiala289@centrum.cz
Lukáš,Tichý,9. 23. 2008,145 582 674,lukáš.tichý286@outlook.com
Veronika,Novák,11. 7. 1999,261 809 228,veronika.novák344@gmail.com
Jiří,Doležal,9. 30. 2003,866 347 507,jiří.doležal102@outlook.com
Markéta,Sedláček,4. 28. 1999,123-456-78,markéta.sedláček61@gmail.com
Jana,Svoboda,3. 16. 2005,684 323 964,jana.svoboda577@gmail.com
Anna,Procházka,7. 16. 2006,821 829 127,anna.procházka469@gmail.com
Barbora,Beneš,11. 30. 2004,705 056 839,barbora.beneš265@outlook.com
Martin,Veselý,8. 22. 2004,052 091 192,martin.veselý585@outlook.com
Jakub,Novotný,4. 21. 2006,516 537 837,jakub.novotný977@email.cz
Jiří,Horák,8. 1. 1999,599 065 321,jiří.horák248@centrum.cz
Filip,Novák,6. 7. 2000,465 144 983,filip.novák129@seznam.cz
Adéla,Beneš,9. 27. 1998,784 955 488,adéla.beneš697@outlook.com
Jan,Kučera,11. 27. 2002,831 095 502,jan.kučera547@gmail.com
Barbora,Horák,1. 23. 2005,598 898 260,barbora.horák964@outlook.com
Jana,Urban,7. 18. 2006,341 714 419,jana.urban605@gmail.com
Monika,Pospíšil,12. 24. 2002,198 725 243,monika.pospíšil638@outlook.com
Ivana,Pospíšil,7. 19. 2001,756 508 805,ivana.pospíšil647@centrum.cz
Jana,Urban,5. 10. 2006,442 415 404,jana.urban164@outlook.com
Adam,Doležal,11. 25. 1999,151 747 083,adam.doležal710@centrum.cz
Jakub,Novák,4. 23. 2000,469 760 955,jakub.novák150@email.cz
David,Král,4. 4. 2000,429 996 877,david.král687@outlook.com
Monika,Novotný,2005/12/01,269 584 642,monika.novotný513@outlook.com
Anna,Pospíšil,11. 14. 2000,135 742 803,anna.pospíšil729@gmail.com
Barbora,Bláha,6. 4. 2006,164 798 397,barbora.bláha239@seznam.cz
Vojtěch,Novák,1. 30. 2007,228 619 147,vojtěch.novák533@gmail.com
Jakub,Čech,2. 4. 2008,775 063 469,jakub.čech431@centrum.cz
Nikola,Marek,4. 6. 1999,113 164 222,nikola.marek722@seznam.cz
Karolína,Čech,7. 13. 2006,440 473 330,karolína.čech866@gmail.com
Alena,Růžička,10. 27. 2005,998 110 958,alena.růžička288@seznam.cz
Anna,Kopecký,12. 6. 2000,720 532 316,anna.kopecký38@email.cz
Denisa,Zeman,8. 29. 2004,580 079 418,denisa.zeman723@gmail.com
Vojtěch,Svoboda,1. 19. 2003,024 077 674,vojtěch.svoboda378@outlook.com
Barbora,Tichý,10. 17. 2008,516 658 275,barbora.tichý631@centrum.cz
Ivana,Svoboda,11. 22. 1999,605 252 956,ivana.svoboda76@email.cz
Adam,Němec,12. 6. 2003,363 969 932,adam.němec412@outlook.com
Jiří,Urban,5. 20. 1999,914 576 434,jiří.urban371@email.cz
Lukáš,Horák,1. 6. 2000,667 673 745,lukáš.horák543@email.cz
Adéla,Doležal,9. 5. 2004,353 352 449,adéla.doležal216@centrum.cz
David,Marek,2. 5. 2000,626 024 999,spatny.email.cz
Filip,Novák,7. 26. 2006,256 767 155,filip.novák918@gmail.com
Kristýna,Krejčí,12. 6. 2007,561 073 262,kristýna.krejčí894@seznam.cz
Lucie,Svoboda,2. 28. 1998,358 687 198,lucie.svoboda826@centrum.cz
Petra,Veselý,7. 6. 2001,080 311 641,petra.veselý690@outlook.com
Radek,Navrátil,5. 23. 1999,560 953 943,radek.navrátil917@gmail.com
Tomáš,Král,8. 20. 2005,995 078 676,tomáš.král924@email.cz
Kateřina,Kučera,1. 6. 1998,355 930 073,kateřina.kučera250@seznam.cz
Petra,Fiala,12. 24. 2004,542 485 984,petra.fiala497@outlook.com
Vojtěch,Urban,11. 17. 2008,194 051 976,vojtěch.urban483@centrum.cz
Adam,Kopecký,3. 29. 1998,123-456-78,adam.kopecký419@email.cz
Jiří,Veselý,8. 25. 2005,811 170 250,jiří.veselý897@seznam.cz
Petra,Kopecký,7. 4. 1998,161 500 821,petra.kopecký657@seznam.cz
Vojtěch,Němec,2. 23. 2004,160 066 507,vojtěch.němec537@email.cz
Tereza,Kolář,3. 17. 2005,274 368 235,tereza.kolář839@gmail.com
Lenka,Pospíšil,2. 25. 2001,547 953 414,lenka.pospíšil272@outlook.com
Simona,Svoboda,3. 16. 2006,201 991 448,simona.svoboda253@email.cz
Alena,Tichý,5. 11. 2005,077 890 093,alena.tichý511@email.cz
Filip,Tichý,7. 9. 2001,362 728 720,filip.tichý513@email.cz
Daniel,Navrátil,7. 29. 2005,851 314 978,daniel.navrátil107@email.cz
Roman,Navrátil,10. 1. 2007,974 706 318,roman.navrátil449@seznam.cz
Tomáš,Fiala,5. 26. 1998,231 161 932,tomáš.fiala360@centrum.cz
Tereza,Pokorný,9. 6. 2007,322 488 191,tereza.pokorný217@outlook.com
Lucie,Hájek,7. 18. 2004,290 964 729,lucie.hájek865@email.cz
Simona,Urban,6. 16. 2001,755 078 085,simona.urban186@outlook.com
Jiří,Horák,1. 10. 2000,647 783 932,jiří.horák314@email.cz
Kateřina,Tichý,6. 5. 1998,766 365 564,kateřina.tichý287@email.cz
David,Horák,9. 23. 2006,745 798 183,david.horák590@seznam.cz
Roman,Kopecký,9. 21. 1998,043 548 246,roman.kopecký794@outlook.com
Anna,Dvořák,2. 8. 2005,761 427 061,anna.dvořák748@email.cz
Radek,Fiala,2. 16. 1999,932 577 961,radek.fiala703@email.cz
Tereza,Růžička,7. 11. 1999,140 234 858,tereza.růžička808@seznam.cz
Simona,Svoboda,1. 26. 2002,935 991 918,simona.svoboda212@outlook.com
Josef,Čech,2. 16. 2005,632 676 807,josef.čech83@centrum.cz
Ivana,Hájek,5. 3. 2007,755 155 549,ivana.hájek876@centrum.cz
Monika,Marek,9. 2. 2000,400 986 483,monika.marek216@outlook.com
Jiří,Dvořák,1. 12. 1998,103 138 140,jiří.dvořák103@gmail.com
Eliška,Urban,5. 15. 2003,308 334 267,eliška.urban830@seznam.cz
Anna,Svoboda,6. 21. 2000,276 591 296,anna.svoboda721@seznam.cz
Petr,Krejčí,4. 16. 2003,692 117 778,petr.krejčí840@email.cz
Vojtěch,Fiala,1. 13. 2006,415 412 225,vojtěch.fiala438@email.cz
Ivana,Tichý,7. 24. 2007,813 569 076,ivana.tichý835@seznam.cz
Marek,Novák,7. 20. 1998,123-456-78,marek.novák878@email.cz
Kateřina,Jelínek,4. 14. 2000,913 797 242,kateřina.jelínek790@seznam.cz
Matěj,Král,4. 27. 2001,153 385 424,matěj.král483@outlook.com
Adam,Novotný,3. 3. 2007,994 491 558,adam.novotný680@gmail.com
Roman,Kučera,1. 29. 2006,745 515 509,roman.kučera395@centrum.cz
Ivana,Veselý,2. 21. 2005,132 475 796,ivana.veselý346@gmail.com
Tereza,Urban,12. 7. 1998,316 851 113,tereza.urban302@seznam.cz
Adéla,Černý,8. 19. 2001,311 516 224,adéla.černý14@seznam.cz
Kristýna,Horák,9. 21. 1998,421 184 294,kristýna.horák760@centrum.cz
Adéla,Tichý,8. 5. 2001,672 811 438,adéla.tichý688@centrum.cz
Adéla,Fiala,6. 20. 2008,666 182 852,adéla.fiala468@centrum.cz
Marek,Růžička,9. 18. 2000,129 598 347,marek.růžička801@email.cz
Barbora,Kopecký,5. 29. 2000,900 074 551,barbora.kopecký983@centrum.cz
Denisa,Kopecký,3. 29. 2007,585 558 396,denisa.kopecký87@outlook.com
Markéta,Krejčí,5. 5. 2003,414 420 659,markéta.krejčí280@email.cz
Karolína,Zeman,6. 24. 2003,453 152 941,karolína.zeman305@outlook.com
Anna,Navrátil,3. 26. 1999,485 685 608,anna.navrátil790@seznam.cz
Roman,Krejčí,3. 28. 1998,610 492 783,roman.krejčí624@centrum.cz
Markéta,Veselý,3. 3. 2003,416 204 527,markéta.veselý62@email.cz
Eliška,Tichý,2. 20. 1998,987 202 464,eliška.tichý937@email.cz
Karolína,Král,5. 30. 1998,471 916 690,karolína.král604@gmail.com
Tomáš,Krejčí,11. 25. 2007,393 816 878,tomáš.krejčí857@centrum.cz
Josef,Kučera,7. 14. 2002,920 364 092,josef.kučera252@centrum.cz
Tereza,Zeman,4. 20. 2007,354 996 568,tereza.zeman446@outlook.com
Petra,Procházka,2005/12/01,453 734 952,petra.procházka50@seznam.cz
Monika,Svoboda,10. 11. 2002,842 244 920,monika.svoboda552@outlook.com
Filip,Bláha,3. 5. 2005,471 802 053,filip.bláha962@centrum.cz
Denisa,Novotný,6. 15. 2004,250 094 469,denisa.novotný354@outlook.com
Veronika,Fiala,9. 8. 2002,734 977 149,veronika.fiala905@seznam.cz
Kateřina,Novák,2. 27. 2005,718 105 298,kateřina.novák238@email.cz
Dominik,Kopecký,12. 26. 2002,705 046 473,dominik.kopecký56@gmail.com
Alena,Hájek,8. 12. 2003,615 068 352,alena.hájek562@centrum.cz
Josef,Doležal,2. 22. 2005,061 472 880,josef.doležal86@centrum.cz
Petra,Zeman,3. 21. 2007,717 482 889,petra.zeman665@email.cz
Markéta,Čech,2. 6. 2001,025 726 208,markéta.čech985@outlook.com
Roman,Veselý,7. 15. 2007,126 332 626,roman.veselý250@outlook.com
Petra,Bláha,9. 4. 2000,698 414 527,petra.bláha128@outlook.com
Filip,Čech,10. 19. 2003,025 085 770,filip.čech79@outlook.com
Michal,Král,2. 24. 2006,264 745 151,michal.král398@email.cz
Ivana,Růžička,10. 20. 2004,991 333 326,ivana.růžička249@gmail.com
Jiří,Urban,6. 28. 2000,481 860 883,jiří.urban814@email.cz
Martin,Němec,4. 21. 2004,679 547 756,martin.němec997@outlook.com
Eliška,Král,4. 28. 2008,156 082 674,eliška.král109@gmail.com
Jakub,Marek,10. 30. 2007,708 620 936,jakub.marek217@email.cz
Roman,Kopecký,7. 28. 2006,943 938 272,roman.kopecký418@centrum.cz
Martin,Svoboda,12. 23. 2004,263 496 745,martin.svoboda502@seznam.cz
Nikola,Novák,4. 20. 2002,012 467 346,nikola.novák560@seznam.cz
Dominik,Urban,4. 23. 2007,266 144 163,dominik.urban806@centrum.cz
Ivana,Navrátil,6. 2. 1999,543 450 093,ivana.navrátil237@gmail.com
Dominik,Sedláček,12. 1. 2003,443 958 619,dominik.sedláček69@outlook.com
Tereza,Kučera,8. 23. 1999,866 269 835,tereza.kučera277@centrum.cz
Radek,Sedláček,5. 17. 1999,123-456-78,radek.sedláček373@seznam.cz
Adéla,Urban,3. 22. 2008,420 873 178,adéla.urban4@outlook.com
Radek,Kučera,11. 3. 2004,401 825 949,radek.kučera419@email.cz
Filip,Pokorný,12. 18. 2008,926 195 036,filip.pokorný164@seznam.cz
Anna,Bláha,9. 30. 2005,688 880 326,anna.bláha609@outlook.com
Marek,Král,12. 15. 2000,789 066 465,marek.král270@email.cz
Karolína,Král,5. 22. 2001,915 768 474,karolína.král492@centrum.cz
Jan,Zeman,10. 27. 2001,258 403 586,jan.zeman378@seznam.cz
Josef,Doležal,5. 16. 2007,100 004 682,josef.doležal768@outlook.com
Markéta,Sedláček,10. 10. 2005,573 885 095,markéta.sedláček389@centrum.cz
Matěj,Pospíšil,5. 2. 2001,148 160 153,matěj.pospíšil790@seznam.cz
Alena,Svoboda,4. 22. 2006,804 100 033,alena.svoboda514@outlook.com
Matěj,Jelínek,1. 27. 2000,071 026 253,matěj.jelínek35@seznam.cz
Lukáš,Růžička,6. 17. 2005,216 606 170,lukáš.růžička51@centrum.cz
Martin,Navrátil,1. 8. 2000,782 750 848,martin.navrátil255@centrum.cz
Petr,Navrátil,1. 8. 1998,045 414 614,spatny.email.cz
Marek,Dvořák,10. 30. 1998,581 015 327,marek.dvořák586@seznam.cz
Matěj,Doležal,1. 2. 1998,975 758 603,matěj.doležal884@seznam.cz
Veronika,Fiala,3. 1. 2007,433 599 522,veronika.fiala640@seznam.cz
Vojtěch,Zeman,1. 20. 2000,924 060 956,vojtěch.zeman34@centrum.cz
Petr,Pospíšil,7. 29. 1998,186 349 074,petr.pospíšil536@outlook.com
Ondřej,Tichý,3. 22. 2008,327 577 328,ondřej.tichý14@centrum.cz
Alena,Svoboda,7. 4. 1998,874 176 881,alena.svoboda694@seznam.cz
Jiří,Bláha,3. 7. 2007,909 733 045,jiří.bláha604@seznam.cz
Lenka,Tichý,8. 31. 2003,336 416 076,lenka.tichý730@seznam.cz
Radek,Svoboda,1. 3. 1999,110 777 241,radek.svoboda523@outlook.com
Lenka,Svoboda,7. 19. 2004,158 408 930,lenka.svoboda460@email.cz
Ondřej,Zeman,10. 17. 2001,311 614 793,ondřej.zeman74@outlook.com
Tereza,Růžička,9. 6. 2001,523 770 477,tereza.růžička182@email.cz
Petr,Navrátil,2005/12/01,240 698 749,petr.navrátil428@centrum.cz
Anna,Veselý,4. 6. 2005,267 385 181,anna.veselý194@gmail.com
Adam,Bláha,3. 12. 2007,988 254 709,adam.bláha501@gmail.com
Petr,Čech,10. 7. 1998,185 081 076,petr.čech486@outlook.com
Jiří,Kopecký,5. 4. 1998,824 466 950,jiří.kopecký290@email.cz
Lukáš,Král,3. 2. 2004,140 982 226,lukáš.král644@gmail.com
Michal,Navrátil,8. 4. 2003,608 215 908,michal.navrátil409@seznam.cz
Michal,Kolář,10. 1. 2008,528 189 150,michal.kolář868@centrum.cz
Lucie,Němec,5. 16. 2004,424 778 233,lucie.němec26@email.cz
Martin,Pokorný,6. 7. 2005,757 145 088,martin.pokorný49@outlook.com
Lukáš,Tichý,6. 13. 2008,481 684 129,lukáš.tichý162@seznam.cz
Kristýna,Sedláček,1. 22. 2005,690 500 977,kristýna.sedláček189@gmail.com
Jiří,Sedláček,5. 21. 2002,453 648 297,jiří.sedláček879@email.cz
Martin,Bláha,5. 7. 2008,123-456-78,martin.bláha4@email.cz
Lukáš,Novotný,5. 20. 2007,161 782 592,lukáš.novotný283@gmail.com
Matěj,Novák,4. 23. 2003,362 790 374,matěj.novák357@outlook.com
Denisa,Marek,10. 22. 2004,627 175 528,denisa.marek384@seznam.cz
Josef,Kučera,7. 23. 2003,992 723 794,josef.kučera483@centrum.cz
Matěj,Fiala,12. 20. 2004,881 995 568,matěj.fiala787@gmail.com
Karolína,Hájek,8. 14. 1998,598 577 736,karolína.hájek447@email.cz
Ondřej,Urban,8. 28. 2003,655 697 185,ondřej.urban305@email.cz
Adéla,Hájek,7. 19. 2003,691 915 739,adéla.hájek132@email.cz
David,Novotný,11. 28. 2003,044 398 759,david.novotný918@email.cz
Ondřej,Pokorný,12. 9. 1998,823 042 434,ondřej.pokorný922@seznam.cz
Jana,Růžička,11. 14. 2000,363 077 369,jana.růžička310@seznam.cz
Alena,Kučera,7. 29. 2000,013 666 700,alena.kučera122@gmail.com
Michal,Pokorný,12. 12. 2008,959 925 649,michal.pokorný789@seznam.cz
Ondřej,Jelínek,5. 25. 2008,704 458 852,ondřej.jelínek541@email.cz
Markéta,Tichý,1. 16. 2004,043 916 995,markéta.tichý433@seznam.cz
Ivana,Kučera,6. 30. 2000,026 824 159,ivana.kučera95@email.cz
Markéta,Veselý,7. 11. 2005,663 195 008,markéta.veselý51@outlook.com
Vojtěch,Tichý,7. 2. 1999,694 983 916,vojtěch.tichý370@outlook.com
Tomáš,Doležal,4. 7. 2006,895 203 099,tomáš.doležal625@gmail.com
Kristýna,Tichý,5. 21. 2001,470 881 433,kristýna.tichý208@gmail.com
Tereza,Novotný,1. 24. 2000,613 530 639,tereza.novotný60@outlook.com
Kateřina,Navrátil,4. 29. 1999,963 288 579,kateřina.navrátil209@outlook.com
Petra,Novák,10. 16. 1998,230 363 602,petra.novák940@email.cz
David,Beneš,10. 18. 2000,857 450 823,david.beneš976@seznam.cz
Jakub,Veselý,12. 9. 2008,513 816 767,jakub.veselý79@outlook.com
Dominik,Marek,12. 10. 2008,255 089 659,dominik.marek928@gmail.com
Karolína,Novotný,8. 25. 2001,337 403 439,karolína.novotný367@email.cz
Jana,Sedláček,5. 13. 2005,759 445 456,jana.sedláček205@centrum.cz
Barbora,Hájek,11. 9. 2007,143 378 818,barbora.hájek558@email.cz
Petr,Hájek,3. 10. 2000,462 368 063,petr.hájek204@seznam.cz
Veronika,Marek,11. 13. 2004,123-456-78,veronika.marek908@centrum.cz
Filip,Svoboda,8. 7. 2008,679 955 551,filip.svoboda11@outlook.com
Dominik,Hájek,5. 25. 1998,867 246 450,dominik.hájek12@seznam.cz
Dominik,Tichý,6. 11. 2004,411 286 607,dominik.tichý334@centrum.cz
Jakub,Kopecký,5. 29. 2003,797 313 484,jakub.kopecký986@centrum.cz
Roman,Král,5. 25. 1999,209 466 463,roman.král988@outlook.com
Simona,Kučera,7. 1. 2007,989 330 406,simona.kučera738@email.cz
Josef,Fiala,5. 6. 2003,533 492 630,josef.fiala680@gmail.com
Daniel,Pokorný,5. 30. 2001,815 828 925,daniel.pokorný578@outlook.com
Michal,Beneš,2005/12/01,896 879 364,michal.beneš538@gmail.com
Kristýna,Tichý,5. 10. 2001,123-456-78,kristýna.tichý755@seznam.cz
Ondřej,Horák,1. 3. 1999,127 734 797,ondřej.horák247@email.cz
Radek,Růžička,7. 29. 2003,601 948 465,radek.růžička449@outlook.com
Martin,Kučera,1. 6. 2007,737 906 729,martin.kučera744@email.cz
Jakub,Zeman,12. 3. 2000,367 350 191,jakub.zeman639@centrum.cz
Petr,Dvořák,10. 23. 2007,754 722 324,petr.dvořák586@outlook.com
Lucie,Zeman,2. 20. 1998,495 406 502,lucie.zeman952@email.cz
Lukáš,Čech,2. 9. 2000,402 148 830,lukáš.čech342@outlook.com
Radek,Král,3. 9. 2008,508 642 000,radek.král594@outlook.com
Daniel,Jelínek,5. 7. 2000,452 048 032,daniel.jelínek379@seznam.cz
Lucie,Tichý,5. 2. 2001,618 138 392,lucie.tichý107@outlook.com
Michal,Fiala,3. 4. 2008,023 102 910,michal.fiala483@seznam.cz
Radek,Černý,6. 17. 1999,050 618 305,radek.černý630@centrum.cz
Jan,Jelínek,4. 24. 1999,905 489 656,jan.jelínek940@centrum.cz
Ivana,Tichý,9. 8. 2005,734 525 366,ivana.tichý678@centrum.cz
Lenka,Veselý,9. 13. 2006,716 578 996,lenka.veselý568@email.cz
Eliška,Doležal,3. 24. 1999,122 604 576,eliška.doležal290@email.cz
Kateřina,Kučera,3. 8. 1999,224 983 173,kateřina.kučera160@outlook.com
Karolína,Bláha,1. 24. 2001,929 234 274,karolína.bláha893@seznam.cz
Vojtěch,Bláha,4. 25. 2006,175 060 026,vojtěch.bláha381@seznam.cz
Jan,Marek,9. 21. 2008,561 126 681,jan.marek169@seznam.cz
Roman,Veselý,6. 10. 1998,615 107 008,roman.veselý806@seznam.cz
Jiří,Navrátil,3. 5. 2002,334 344 767,jiří.navrátil612@seznam.cz
Adéla,Král,8. 6. 2004,677 249 691,adéla.král803@seznam.cz
Filip,Navrátil,4. 18. 2007,950 000 418,filip.navrátil834@centrum.cz
Petr,Procházka,9. 22. 2004,977 216 498,petr.procházka642@outlook.com
Denisa,Tichý,4. 1. 2000,399 046 524,denisa.tichý896@gmail.com
Daniel,Růžička,6. 11. 2004,882 130 345,daniel.růžička523@outlook.com
Nikola,Tichý,3. 3. 2006,640 852 859,nikola.tichý65@email.cz
Karolína,Navrátil,11. 25. 2004,367 156 706,karolína.navrátil536@seznam.cz
Kristýna,Němec,4. 28. 1998,282 753 685,kristýna.němec343@seznam.cz
Jiří,Doležal,5. 28. 2003,177 393 397,jiří.doležal840@email.cz
Josef,Horák,2. 6. 2002,704 536 374,josef.horák343@seznam.cz
Veronika,Jelínek,8. 29. 1999,336 103 110,veronika.jelínek520@outlook.com
Markéta,Němec,6. 8. 1998,358 469 930,markéta.němec371@gmail.com
Jakub,Čech,12. 21. 2003,101 980 538,jakub.čech304@centrum.cz
Petr,Dvořák,10. 12. 2007,920 234 338,petr.dvořák947@outlook.com
Matěj,Kopecký,10. 16. 2003,602 951 516,matěj.kopecký194@seznam.cz
Michal,Kučera,2. 6. 2003,432 391 449,michal.kučera180@gmail.com
Radek,Fiala,1. 6. 2006,392 333 378,radek.fiala563@seznam.cz
Jan,Tichý,8. 18. 2008,123-456-78,jan.tichý893@centrum.cz
Adam,Sedláček,3. 19. 2002,481 884 468,adam.sedláček578@email.cz
Kateřina,Němec,6. 6. 2004,679 984 289,kateřina.němec285@gmail.com
Jiří,Král,6. 20. 2001,656 327 036,jiří.král758@email.cz
Dominik,Pospíšil,3. 1. 1999,931 128 708,dominik.pospíšil588@outlook.com
Veronika,Horák,12. 29. 2005,404 113 415,veronika.horák324@centrum.cz
Vojtěch,Novák,1. 17. 2008,274 003 923,vojtěch.novák471@seznam.cz
Vojtěch,Čech,6. 9. 2000,267 521 907,vojtěch.čech944@outlook.com
Martin,Novák,9. 16. 2008,728 439 720,martin.novák387@seznam.cz
Barbora,Novák,1. 29. 2000,939 117 133,barbora.novák875@outlook.com
Karolína,Růžička,6. 27. 2002,322 809 570,karolína.růžička252@centrum.cz
Filip,Doležal,7. 26. 2001,377 743 679,filip.doležal949@centrum.cz
Kristýna,Dvořák,1. 15. 1998,703 453 318,spatny.email.cz
Daniel,Čech,5. 11. 2008,801 209 387,daniel.čech304@email.cz
Petra,Novotný,5. 5. 2008,125 315 279,petra.novotný665@outlook.com
Lenka,Novák,7. 16. 2005,343 572 164,lenka.novák287@email.cz
Dominik,Novotný,5. 8. 2000,375 191 709,dominik.novotný976@outlook.com
Tomáš,Doležal,11. 1. 2005,062 777 868,tomáš.doležal219@outlook.com
Denisa,Bláha,8. 1. 2003,170 454 666,denisa.bláha110@email.cz
Lukáš,Sedláček,6. 12. 2003,342 706 480,lukáš.sedláček178@email.cz
Petra,Král,4. 6. 2003,641 278 366,petra.král567@seznam.cz
Josef,Pospíšil,4. 10. 2000,323 991 530,josef.pospíšil365@outlook.com
Jana,Němec,2005/12/01,787 756 713,jana.němec875@centrum.cz
Tomáš,Pospíšil,6. 12. 1999,239 542 634,tomáš.pospíšil674@email.cz
Roman,Kučera,2005/12/01,461 613 416,roman.kučera450@email.cz
Jana,Jelínek,3. 31. 2004,263 945 870,jana.jelínek97@gmail.com
Karolína,Svoboda,12. 9. 2001,725 454 139,karolína.svoboda187@gmail.com
Daniel,Kučera,8. 1. 1998,475 152 593,daniel.kučera982@email.cz
David,Jelínek,12. 17. 2006,547 275 127,david.jelínek61@gmail.com
Simona,Novák,1. 4. 2004,905 297 267,simona.novák931@centrum.cz
Tomáš,Pokorný,3. 19. 2000,813 628 152,tomáš.pokorný24@email.cz
Markéta,Němec,12. 4. 2004,920 113 783,markéta.němec567@email.cz
Roman,Černý,5. 3. 2005,789 966 503,roman.černý451@gmail.com
Markéta,Král,1. 16. 2008,961 389 153,markéta.král247@gmail.com
Vojtěch,Procházka,7. 31. 1999,657 075 263,vojtěch.procházka901@gmail.com
Martin,Sedláček,5. 8. 2002,597 089 415,martin.sedláček950@gmail.com
Veronika,Čech,8. 22. 2003,102 355 361,veronika.čech404@gmail.com
Nikola,Čech,6. 22. 2003,769 171 816,nikola.čech857@seznam.cz
Kateřina,Fiala,4. 11. 2006,657 565 227,kateřina.fiala410@outlook.com
Daniel,Bláha,6. 13. 2001,343 247 015,daniel.bláha484@outlook.com
Jiří,Pokorný,2005/12/01,012 646 335,jiří.pokorný766@gmail.com
Petra,Hájek,9. 13. 2005,753 632 147,petra.hájek169@gmail.com
Veronika,Jelínek,1. 24. 2004,053 450 899,veronika.jelínek129@email.cz
Anna,Bláha,3. 28. 2004,975 461 458,anna.bláha107@seznam.cz
Anna,Fiala,11. 22. 2002,100 302 888,anna.fiala522@email.cz
Adam,Krejčí,4. 21. 2003,337 147 341,adam.krejčí695@outlook.com
Simona,Černý,5. 1. 2004,446 106 066,simona.černý323@outlook.com
Anna,Němec,11. 10. 1998,464 025 950,anna.němec432@outlook.com
Lenka,Fiala,12. 30. 2007,784 712 613,lenka.fiala276@centrum.cz
Vojtěch,Zeman,9. 2. 1999,556 332 984,vojtěch.zeman107@centrum.cz
Denisa,Pokorný,8. 15. 2006,440 354 937,denisa.pokorný501@seznam.cz
Adam,Doležal,2. 14. 2002,227 451 404,adam.doležal143@email.cz
Denisa,Král,7. 3. 1999,052 253 772,denisa.král611@gmail.com
Karolína,Růžička,1. 16. 2007,939 149 366,karolína.růžička503@centrum.cz
Dominik,Pospíšil,3. 19. 2008,506 170 208,dominik.pospíšil393@email.cz
Marek,Fiala,3. 16. 2008,769 764 407,marek.fiala637@outlook.com
Lucie,Marek,2. 16. 2006,114 590 322,lucie.marek20@centrum.cz
Simona,Tichý,4. 18. 2002,609 720 153,simona.tichý772@seznam.cz
Lucie,Kolář,5. 1. 2006,911 995 808,lucie.kolář977@centrum.cz
Jiří,Doležal,11. 2. 1998,502 537 729,jiří.doležal563@outlook.com
Michal,Zeman,9. 26. 2000,734 956 819,michal.zeman549@seznam.cz
Veronika,Horák,2005/12/01,716 343 081,veronika.horák143@outlook.com
Matěj,Krejčí,3. 19. 1998,384 032 401,matěj.krejčí638@outlook.com
Adam,Němec,7. 26. 2004,382 995 264,adam.němec490@centrum.cz
Matěj,Krejčí,4. 6. 2003,541 806 152,matěj.krejčí257@seznam.cz
Matěj,Kučera,8. 7. 2008,609 516 957,matěj.kučera784@seznam.cz
Marek,Procházka,1. 15. 2000,985 571 122,marek.procházka185@email.cz
Nikola,Němec,9. 17. 2003,782 602 855,nikola.němec682@email.cz
Josef,Zeman,11. 4. 2005,466 410 336,josef.zeman683@outlook.com
Martin,Němec,5. 25. 1999,610 053 166,martin.němec982@centrum.cz
Tomáš,Veselý,7. 5. 2002,111 094 164,tomáš.veselý837@seznam.cz
Tereza,Kučera,8. 8. 2005,648 166 660,tereza.kučera330@seznam.cz
Markéta,Černý,3. 19. 2000,726 656 214,markéta.černý884@centrum.cz
David,Němec,1. 9. 2000,591 417 113,david.němec491@gmail.com
Tereza,Černý,5. 20. 2003,723 520 107,tereza.černý930@gmail.com
Tomáš,Hájek,5. 30. 2006,662 797 350,tomáš.hájek919@email.cz
Nikola,Král,9. 6. 2008,014 223 797,nikola.král33@centrum.cz
Denisa,Horák,1. 22. 1999,468 422 211,denisa.horák976@outlook.com
Nikola,Bláha,9. 8. 2003,026 279 174,nikola.bláha205@gmail.com
Marek,Horák,4. 3. 2007,841 855 055,marek.horák565@centrum.cz
Eliška,Černý,12. 7. 2000,337 154 637,eliška.černý110@gmail.com
Ondřej,Pospíšil,6. 30. 2002,788 678 168,ondřej.pospíšil61@outlook.com
Kateřina,Král,11. 12. 2001,722 327 427,kateřina.král979@outlook.com
Filip,Doležal,6. 17. 2005,771 533 348,filip.doležal682@seznam.cz
Tereza,Marek,1. 14. 2001,106 675 918,tereza.marek109@gmail.com
Jana,Černý,3. 7. 2008,988 770 354,jana.černý900@seznam.cz
Veronika,Kolář,5. 13. 2002,635 674 380,veronika.kolář870@outlook.com
Tomáš,Jelínek,12. 29. 2001,696 046 859,tomáš.jelínek861@outlook.com
Vojtěch,Čech,3. 14. 1999,123-456-78,vojtěch.čech515@gmail.com
Veronika,Horák,6. 21. 2005,446 806 784,veronika.horák896@outlook.com
Denisa,Dvořák,2. 21. 1998,514 026 374,denisa.dvořák828@gmail.com
Petra,Pokorný,4. 5. 2003,743 235 291,petra.pokorný527@email.cz
Adam,Čech,8. 18. 2005,122 911 701,adam.čech61@gmail.com
Petra,Dvořák,6. 5. 2000,902 376 455,petra.dvořák572@centrum.cz
Jiří,Růžička,2. 28. 1999,570 454 978,jiří.růžička548@email.cz
Anna,Čech,5. 5. 2001,312 849 252,anna.čech810@centrum.cz
Marek,Černý,3. 3. 2001,480 920 228,marek.černý569@seznam.cz
Jakub,Pospíšil,5. 23. 2008,832 348 267,jakub.pospíšil252@outlook.com
Veronika,Marek,10. 13. 2006,183 351 394,veronika.marek616@outlook.com
Marek,Novák,7. 2. 2002,374 358 063,marek.novák816@outlook.com
Jan,Čech,11. 29. 2008,214 767 887,jan.čech140@seznam.cz
Adam,Sedláček,3. 3. 2006,429 619 039,adam.sedláček713@email.cz
Nikola,Navrátil,11. 4. 1999,093 020 884,nikola.navrátil659@centrum.cz
Kristýna,Němec,9. 5. 2003,611 419 228,kristýna.němec433@centrum.cz
Filip,Dvořák,11. 4. 2003,610 582 232,filip.dvořák7@email.cz
Lucie,Zeman,6. 28. 2003,224 621 791,lucie.zeman858@seznam.cz
Tereza,Kopecký,7. 31. 2004,459 524 854,tereza.kopecký68@centrum.cz
Petr,Sedláček,7. 7. 2000,438 941 743,spatny.email.cz
Denisa,Navrátil,5. 3. 2008,316 455 602,denisa.navrátil213@centrum.cz
Adam,Bláha,12. 14. 2003,508 851 033,adam.bláha930@gmail.com
Petra,Jelínek,8. 14. 2003,964 466 217,petra.jelínek316@email.cz
Jana,Tichý,8. 20. 2007,419 112 886,jana.tichý828@centrum.cz
Filip,Novotný,1. 13. 1998,997 198 187,filip.novotný956@gmail.com
Eliška,Král,6. 19. 1999,782 703 499,eliška.král968@seznam.cz
Markéta,Němec,9. 19. 2003,433 087 271,markéta.němec870@gmail.com
David,Čech,7. 29. 2006,031 168 463,david.čech514@email.cz
Jakub,Sedláček,10. 24. 2008,721 696 951,jakub.sedláček174@centrum.cz
Matěj,Černý,5. 12. 2008,341 882 645,matěj.černý934@seznam.cz
Petr,Novák,10. 5. 2000,782 909 705,petr.novák165@gmail.com
Dominik,Dvořák,3. 19. 2001,112 431 266,dominik.dvořák614@gmail.com
Jana,Veselý,2. 27. 2004,898 798 583,jana.veselý644@email.cz
Kristýna,Doležal,11. 10. 1998,845 764 359,kristýna.doležal525@gmail.com
Barbora,Tichý,7. 31. 2008,530 674 880,barbora.tichý933@outlook.com
Jakub,Král,1. 7. 2002,477 331 141,jakub.král441@email.cz
Lukáš,Doležal,2. 5. 2007,305 578 501,lukáš.doležal518@centrum.cz
Tomáš,Jelínek,10. 15. 2000,756 960 977,tomáš.jelínek608@outlook.com
Monika,Marek,10. 10. 2008,373 789 585,monika.marek947@outlook.com
Lukáš,Jelínek,4. 20. 2000,739 341 501,lukáš.jelínek828@outlook.com
Jakub,Navrátil,8. 30. 2003,559 910 087,jakub.navrátil830@centrum.cz
Jiří,Jelínek,12. 28. 2001,214 238 956,jiří.jelínek319@outlook.com
Jan,Černý,10. 7. 2001,608 303 707,jan.černý480@gmail.com
Martin,Hájek,6. 14. 2000,139 361 079,martin.hájek454@seznam.cz
Tereza,Němec,6. 3. 1999,235 666 005,tereza.němec644@email.cz
Jakub,Zeman,7. 4. 2001,258 138 620,jakub.zeman517@seznam.cz
Tomáš,Zeman,8. 12. 1999,250 455 491,tomáš.zeman350@outlook.com
Lukáš,Doležal,8. 7. 2003,066 701 767,lukáš.doležal587@centrum.cz
Ivana,Sedláček,2. 24. 2005,262 967 914,ivana.sedláček88@outlook.com
Kristýna,Pokorný,6. 4. 2007,760 701 140,kristýna.pokorný447@email.cz
Veronika,Sedláček,10. 30. 2008,280 187 669,veronika.sedláček125@gmail.com
Eliška,Němec,9. 22. 2007,283 565 078,spatny.email.cz
Radek,Kopecký,6. 7. 1999,568 165 534,radek.kopecký411@outlook.com
Marek,Novák,5. 22. 2005,740 084 192,marek.novák223@gmail.com
Michal,Zeman,1. 12. 2008,980 091 213,michal.zeman78@outlook.com
Barbora,Hájek,7. 4. 1998,771 720 747,barbora.hájek600@centrum.cz
Vojtěch,Zeman,11. 25. 2000,409 997 847,vojtěch.zeman224@outlook.com
Adéla,Kolář,4. 21. 2002,604 785 117,adéla.kolář943@centrum.cz
Kristýna,Němec,4. 6. 1999,566 858 035,kristýna.němec818@outlook.com
Eliška,Němec,12. 4. 2005,138 836 697,eliška.němec694@seznam.cz
Ondřej,Hájek,11. 5. 2006,803 670 357,ondřej.hájek616@centrum.cz
Radek,Pokorný,3. 7. 2005,692 766 946,radek.pokorný349@gmail.com
Adam,Novotný,4. 12. 2003,613 198 148,adam.novotný396@centrum.cz
Kristýna,Horák,6. 3. 2002,786 265 525,kristýna.horák790@outlook.com
Kristýna,Beneš,1. 19. 2007,379 158 234,kristýna.beneš106@seznam.cz
Daniel,Veselý,9. 14. 2002,912 562 313,daniel.veselý458@seznam.cz
Ivana,Pospíšil,11. 14. 2000,000 423 233,ivana.pospíšil642@centrum.cz
David,Bláha,3. 13. 2002,787 382 060,david.bláha151@gmail.com
Daniel,Král,3. 1. 2001,043 304 235,daniel.král387@seznam.cz
Adéla,Král,8. 7. 2005,598 147 377,adéla.král930@seznam.cz
Filip,Pokorný,5. 27. 2002,285 153 118,filip.pokorný598@outlook.com
Petra,Hájek,4. 18. 1999,245 652 475,petra.hájek481@email.cz
Kristýna,Horák,9. 3. 2007,581 891 480,kristýna.horák180@seznam.cz
Kateřina,Hájek,3. 11. 2003,200 118 699,kateřina.hájek20@email.cz
Jakub,Navrátil,9. 28. 2001,528 008 918,jakub.navrátil815@gmail.com
Anna,Svoboda,10. 26. 2005,850 762 884,anna.svoboda482@outlook.com
Vojtěch,Čech,7. 10. 1998,793 418 186,vojtěch.čech704@seznam.cz
Adam,Kučera,11. 13. 2003,497 904 971,adam.kučera211@gmail.com
Josef,Němec,10. 16. 2005,400 830 734,josef.němec707@centrum.cz
Denisa,Navrátil,5. 18. 2006,206 123 782,denisa.navrátil684@gmail.com
Vojtěch,Novák,9. 19. 2004,600 590 879,vojtěch.novák436@outlook.com
Kateřina,Doležal,4. 24. 2001,649 301 677,kateřina.doležal114@centrum.cz
Martin,Veselý,1. 11. 2000,282 926 450,martin.veselý137@email.cz
Ivana,Marek,3. 24. 1998,241 883 874,ivana.marek85@outlook.com
David,Kopecký,3. 20. 2002,843 126 136,david.kopecký927@gmail.com
Tomáš,Tichý,6. 28. 1999,021 730 461,tomáš.tichý911@seznam.cz
Daniel,Čech,11. 6. 2008,021 934 701,daniel.čech256@outlook.com
Tomáš,Horák,5. 1. 2002,890 809 602,tomáš.horák963@seznam.cz
Martin,Krejčí,4. 8. 2000,440 506 469,martin.krejčí736@centrum.cz
Lukáš,Doležal,3. 2. 1998,445 122 295,lukáš.doležal113@seznam.cz
Josef,Krejčí,8. 2. 2000,203 757 131,josef.krejčí141@outlook.com
Alena,Bláha,7. 18. 2007,046 199 966,alena.bláha262@outlook.com
Nikola,Navrátil,12. 27. 2002,449 409 196,nikola.navrátil183@gmail.com
Lenka,Novák,9. 22. 1999,423 758 507,lenka.novák242@gmail.com
Alena,Němec,10. 23. 2003,071 278 850,alena.němec162@centrum.cz
Markéta,Král,9. 15. 2007,178 988 335,markéta.král696@seznam.cz
Josef,Kučera,11. 8. 2007,629 791 214,josef.kučera310@email.cz
Alena,Tichý,5. 31. 2001,661 333 457,alena.tichý288@seznam.cz
Filip,Pospíšil,11. 1. 2008,474 798 380,filip.pospíšil988@email.cz
Lucie,Čech,8. 11. 1998,379 244 333,lucie.čech624@centrum.cz
Roman,Němec,10. 19. 2007,265 442 354,roman.němec825@email.cz
Dominik,Bláha,11. 24. 2006,789 808 985,dominik.bláha439@seznam.cz
David,Černý,3. 19. 2008,975 564 949,david.černý380@outlook.com
Adam,Čech,5. 20. 1998,447 599 542,adam.čech852@outlook.com
Ivana,Pokorný,5. 1. 2006,212 861 020,ivana.pokorný433@email.cz
Barbora,Pospíšil,4. 5. 2004,493 136 702,barbora.pospíšil922@outlook.com
Veronika,Král,2. 20. 2003,086 127 504,veronika.král443@outlook.com
Michal,Jelínek,8. 1. 2002,465 046 135,michal.jelínek595@gmail.com
David,Černý,3. 3. 2005,227 747 033,david.černý71@email.cz
Daniel,Kučera,4. 12. 2005,731 969 029,daniel.kučera198@seznam.cz
Barbora,Fiala,5. 7. 2000,244 380 828,barbora.fiala62@email.cz
Eliška,Černý,6. 20. 1998,585 603 881,eliška.černý314@gmail.com
Ondřej,Novotný,11. 10. 2008,217 345 128,ondřej.novotný240@centrum.cz
Adéla,Navrátil,9. 1. 2005,937 408 289,adéla.navrátil614@centrum.cz
Markéta,Urban,2. 22. 2000,575 477 807,markéta.urban823@email.cz
Markéta,Bláha,2. 17. 2002,394 331 063,markéta.bláha891@outlook.com
Kristýna,Doležal,9. 7. 1998,128 684 974,kristýna.doležal72@centrum.cz
Eliška,Tichý,5. 1. 2007,749 533 424,eliška.tichý527@centrum.cz
Dominik,Zeman,12. 10. 1999,952 081 929,dominik.zeman7@outlook.com
Vojtěch,Veselý,3. 16. 2000,987 120 770,vojtěch.veselý65@email.cz
Jiří,Zeman,7. 12. 1999,275 480 453,jiří.zeman644@outlook.com
Lenka,Kopecký,8. 17. 2007,173 589 914,lenka.kopecký299@centrum.cz
Matěj,Horák,3. 15. 1998,799 442 500,matěj.horák816@gmail.com
Kateřina,Procházka,4. 29. 2005,874 053 184,kateřina.procházka264@outlook.com
David,Čech,8. 10. 1998,180 760 662,david.čech605@centrum.cz
Jakub,Novák,5. 20. 1999,795 363 045,jakub.novák85@gmail.com
Simona,Beneš,3. 6. 2006,099 406 032,simona.beneš461@centrum.cz
Filip,Beneš,2. 5. 2006,003 135 800,filip.beneš475@outlook.com
Michal,Svoboda,5. 22. 2006,130 482 288,michal.svoboda483@email.cz
Veronika,Sedláček,1. 18. 1999,706 515 097,veronika.sedláček615@gmail.com
Jana,Pokorný,10. 16. 2004,978 001 911,jana.pokorný132@centrum.cz
Nikola,Čech,3. 31. 2002,780 728 183,nikola.čech757@gmail.com
Alena,Dvořák,5. 10. 2007,952 522 437,alena.dvořák977@email.cz
Marek,Novák,2. 17. 1998,496 042 220,marek.novák572@seznam.cz
Kristýna,Černý,12. 15. 2008,392 895 087,kristýna.černý502@seznam.cz
Jana,Doležal,7. 30. 2000,322 934 903,jana.doležal632@gmail.com
Denisa,Dvořák,4. 23. 2006,803 922 234,denisa.dvořák292@seznam.cz
Alena,Kučera,8. 13. 2004,395 002 090,alena.kučera922@gmail.com
Eliška,Pospíšil,2. 12. 2002,836 215 465,eliška.pospíšil385@email.cz
Markéta,Doležal,3. 29. 2005,968 786 685,markéta.doležal247@seznam.cz
Petra,Čech,6. 25. 2004,310 517 147,petra.čech198@gmail.com
Barbora,Marek,11. 2. 1999,858 538 051,barbora.marek699@outlook.com
Petra,Čech,5. 28. 2000,912 342 751,petra.čech708@gmail.com
Simona,Hájek,8. 26. 2000,985 712 517,simona.hájek549@outlook.com
Petra,Hájek,9. 28. 1999,096 908 433,petra.hájek429@centrum.cz
Karolína,Kučera,10. 25. 2001,123-456-78,karolína.kučera425@gmail.com
Monika,Kučera,12. 14. 2005,066 641 464,monika.kučera971@seznam.cz
Lucie,Bláha,3. 21. 1998,386 400 279,lucie.bláha950@outlook.com
Markéta,Fiala,11. 21. 2000,376 411 113,markéta.fiala598@outlook.com
Martin,Novák,8. 2. 2002,798 929 412,martin.novák519@email.cz
Petr,Svoboda,7. 31. 2008,443 283 021,spatny.email.cz
Petr,Beneš,2. 15. 2000,123-456-78,petr.beneš364@outlook.com
Kristýna,Novotný,10. 25. 2003,903 497 027,kristýna.novotný316@seznam.cz
Petr,Pospíšil,2. 27. 1999,599 683 692,spatny.email.cz
Adam,Navrátil,12. 21. 2001,149 604 303,adam.navrátil966@seznam.cz
Lucie,Svoboda,1. 6. 1999,675 610 681,lucie.svoboda205@email.cz
Anna,Novák,11. 5. 2003,600 091 339,anna.novák450@centrum.cz
Jakub,Jelínek,3. 5. 2004,800 448 671,jakub.jelínek212@centrum.cz
Josef,Doležal,7. 26. 2000,692 061 538,josef.doležal811@gmail.com
Petra,Pokorný,12. 11. 2003,717 699 341,petra.pokorný254@outlook.com
Barbora,Fiala,11. 28. 2001,425 992 837,barbora.fiala611@gmail.com
Marek,Němec,4. 3. 1999,166 213 989,marek.němec866@centrum.cz
Filip,Marek,9. 17. 1999,558 430 599,filip.marek265@seznam.cz
Karolína,Hájek,11. 18. 1998,798 779 287,karolína.hájek522@centrum.cz
Kristýna,Pokorný,2. 25. 2001,883 767 127,kristýna.pokorný650@email.cz
Tomáš,Doležal,8. 31. 2007,828 420 546,tomáš.doležal115@gmail.com
Monika,Král,4. 30. 2000,508 319 410,monika.král477@outlook.com
Adéla,Pospíšil,7. 4. 2001,302 111 649,adéla.pospíšil279@outlook.com
Vojtěch,Krejčí,5. 14. 2002,530 390 482,vojtěch.krejčí707@centrum.cz
Josef,Růžička,12. 22. 2003,262 138 645,josef.růžička455@seznam.cz
Petra,Růžička,7. 25. 2008,476 045 280,petra.růžička391@email.cz
Vojtěch,Růžička,5. 30. 2004,201 487 908,vojtěch.růžička274@centrum.cz
Nikola,Sedláček,2. 1. 1998,006 040 452,nikola.sedláček619@outlook.com
Kateřina,Novák,2. 1. 1998,486 323 466,kateřina.novák946@email.cz
Anna,Novák,8. 3. 2004,200 125 113,anna.novák621@seznam.cz
Markéta,Navrátil,11. 6. 2004,074 776 296,markéta.navrátil991@seznam.cz
Tomáš,Kopecký,2. 15. 2002,123-456-78,tomáš.kopecký717@gmail.com
Adam,Růžička,7. 14. 2005,041 162 797,adam.růžička768@gmail.com
Jakub,Navrátil,4. 11. 2008,014 853 678,jakub.navrátil313@gmail.com
Lukáš,Kolář,9. 22. 2002,920 406 271,lukáš.kolář572@email.cz
Vojtěch,Němec,8. 12. 1999,669 380 285,vojtěch.němec89@seznam.cz
Roman,Růžička,11. 22. 2003,901 335 274,roman.růžička314@seznam.cz
Michal,Urban,5. 23. 2005,863 838 713,michal.urban177@gmail.com
Roman,Černý,10. 16. 2001,111 625 928,roman.černý635@outlook.com
Dominik,Pospíšil,7. 24. 2004,555 845 893,dominik.pospíšil99@email.cz
Dominik,Doležal,3. 17. 2004,213 054 163,dominik.doležal784@email.cz
Petr,Urban,9. 21. 2000,478 124 741,petr.urban254@gmail.com
Marek,Krejčí,3. 3. 2006,525 519 617,marek.krejčí804@centrum.cz
David,Urban,7. 26. 1999,587 865 010,david.urban312@centrum.cz
David,Král,3. 20. 2005,096 355 242,david.král353@outlook.com
Alena,Kučera,2. 21. 2002,407 730 483,alena.kučera147@centrum.cz
Lukáš,Pokorný,8. 3. 2007,314 498 928,lukáš.pokorný94@seznam.cz
Jakub,Sedláček,5. 22. 2003,293 162 244,jakub.sedláček901@centrum.cz
Simona,Tichý,10. 25. 2007,158 093 415,simona.tichý529@outlook.com
Barbora,Krejčí,7. 25. 2006,752 630 415,barbora.krejčí258@email.cz
Radek,Procházka,3. 2. 2008,671 125 395,radek.procházka157@seznam.cz
Vojtěch,Horák,3. 13. 1999,366 023 889,vojtěch.horák859@gmail.com
Denisa,Horák,1. 11. 2004,642 977 638,denisa.horák643@gmail.com
Roman,Kopecký,1. 7. 2004,704 736 084,roman.kopecký554@gmail.com
Adam,Hájek,12. 28. 2007,524 745 227,adam.hájek227@seznam.cz
Barbora,Němec,10. 18. 2003,889 937 345,barbora.němec497@email.cz
Denisa,Jelínek,11. 7. 1998,193 908 144,denisa.jelínek362@outlook.com
Matěj,Němec,3. 21. 2007,824 518 268,matěj.němec462@gmail.com
Karolína,Krejčí,6. 17. 2006,621 573 822,karolína.krejčí429@seznam.cz
Alena,Procházka,8. 1. 2005,120 563 883,alena.procházka462@seznam.cz
